Transaction_ID,Transaction_Date,Customer_ID,Customer_Name,Gender,Age,City,Product_Category,Product,Quantity,Unit_Price,Discount_Percentage,Payment_Method,Gross_Sales,Discount_Amount,Net_Sales
TXN12080,2024-09-01,CUST1029,Krishna Patel,Male,30,Ahmedabad,Sports,Cricket Bat,8,1856.85,7.72,Cash,14854.8,1146.79,13708.01
TXN12283,2024-04-27,CUST1077,Krishna Sharma,Male,57,Kolkata,Home & Kitchen,Pressure Cooker,1,1998.76,24.49,Cash,1998.76,489.5,1509.26
TXN19794,2024-01-17,CUST1143,Deepak Tiwari,Male,42,Delhi,Electronics,Laptop,6,86053.26,0.12,Cash,516319.56,619.58,515699.98
TXN10113,2024-10-21,CUST1150,Aditya Sharma,Male,20,Ahmedabad,Beauty,Face Cream,3,652.08,8.69,Cash,1956.24,170.0,1786.24
TXN10018,2024-02-22,CUST1009,Neha Verma,Female,38,Ahmedabad,Beauty,Shampoo,1,382.58,8.02,Credit Card,382.58,30.68,351.9
TXN17907,2024-09-19,CUST1015,Aarav Pandey,Male,39,Kolkata,Home & Kitchen,Pressure Cooker,9,821.92,0.09,Credit Card,7397.28,6.66,7390.62
TXN11405,2024-08-27,CUST1007,Lakshmi Mehta,Female,36,Pune,Electronics,Laptop,2,66847.53,23.77,Cash,133695.06,31779.32,101915.74
TXN13152,2024-05-26,CUST1060,Sneha Chaudhary,Female,18,Jaipur,Toys,Action Figure,8,446.13,3.09,UPI,3569.04,110.28,3458.76
TXN18486,2024-05-01,CUST1156,Aditya Kumar,Male,46,Kolkata,Toys,Remote Car,7,2372.89,8.68,Cash,16610.23,1441.77,15168.46
TXN13049,2024-12-28,CUST1131,Sai Bose,Male,19,Bangalore,Groceries,Rice (5 kg),3,398.08,12.67,Credit Card,1194.24,151.31,1042.93
TXN13549,2024-12-29,CUST1025,Sai Joshi,Male,54,Jaipur,Electronics,Smartphone,9,42189.16,7.14,Wallet,379702.44,27110.75,352591.69
TXN13216,2024-11-05,CUST1056,Meera Mishra,Female,27,Bangalore,Clothing,Men's T-Shirt,3,1146.77,29.62,Net Banking,3440.31,1019.02,2421.29
TXN15789,2024-02-19,CUST1177,Sai Yadav,Male,44,Ahmedabad,Electronics,Tablet,4,37023.18,13.35,UPI,148092.72,19770.38,128322.34
TXN13408,2024-12-18,CUST1093,Nisha Srivastava,Female,24,Delhi,Electronics,Smartphone,10,37442.69,12.12,Cash,374426.9,45380.54,329046.36
TXN13207,2024-05-26,CUST1025,Nisha Agarwal,Female,26,Chennai,Sports,Dumbbells,10,2609.14,22.42,Debit Card,26091.4,5849.69,20241.71
TXN12164,2024-05-04,CUST1106,Saanvi Agarwal,Female,49,Delhi,Groceries,Cooking Oil,9,360.01,2.46,UPI,3240.09,79.71,3160.38
TXN11201,2024-10-21,CUST1177,Nisha Bose,Female,40,Jaipur,Toys,Board Game,6,895.74,19.03,Cash,5374.44,1022.76,4351.68
TXN13311,2024-09-16,CUST1023,Riya Shah,Female,52,Bangalore,Sports,Dumbbells,6,1236.81,28.04,Credit Card,7420.86,2080.81,5340.05
TXN11880,2024-01-21,CUST1043,Aditya Gupta,Male,30,Jaipur,Home & Kitchen,Mixer Grinder,5,3408.52,19.88,Wallet,17042.6,3388.07,13654.53
TXN19792,2024-05-10,CUST1172,Vihaan Bose,Male,46,Pune,Home & Kitchen,Water Bottle,1,362.01,26.42,Debit Card,362.01,95.64,266.37
TXN19255,2024-12-02,CUST1177,Ananya Gupta,Female,45,Mumbai,Toys,Puzzle Set,7,1121.08,29.54,Debit Card,7847.56,2318.17,5529.39
TXN16878,2024-12-10,CUST1151,Sai Tiwari,Male,20,Pune,Sports,Football,4,784.06,18.15,Cash,3136.24,569.23,2567.01
TXN19659,2024-08-09,CUST1065,Aadhya Singh,Female,58,Bangalore,Toys,Action Figure,1,821.41,10.53,Credit Card,821.41,86.49,734.92
TXN13291,2024-03-08,CUST1129,Rajesh Patel,Male,49,Delhi,Beauty,Lipstick,9,484.99,18.46,UPI,4364.91,805.76,3559.15
TXN19909,2024-06-05,CUST1040,Neha Shah,Female,50,Hyderabad,Beauty,Sunscreen,7,396.64,9.34,Cash,2776.48,259.32,2517.16
TXN18295,2024-10-24,CUST1139,Rahul Pandey,Male,39,Surat,Sports,Badminton Set,1,1178.67,12.6,Credit Card,1178.67,148.51,1030.16
TXN10860,2024-07-24,CUST1082,Rajesh Mehta,Male,32,Hyderabad,Beauty,Perfume,1,971.01,23.91,UPI,971.01,232.17,738.84
TXN17723,2024-11-28,CUST1188,Pihu Bose,Female,60,Pune,Beauty,Sunscreen,6,460.99,1.9,Credit Card,2765.94,52.55,2713.39
TXN13366,2024-11-27,CUST1126,Sneha Patel,Female,36,Delhi,Groceries,Rice (5 kg),1,413.22,0.65,Debit Card,413.22,2.69,410.53
TXN16828,2024-12-01,CUST1166,Kavya Yadav,Female,24,Ahmedabad,Groceries,Flour (10 kg),1,350.26,19.53,Credit Card,350.26,68.41,281.85
TXN10506,2024-07-13,CUST1158,Anjali Bose,Female,50,Jaipur,Groceries,Flour (10 kg),9,548.79,25.35,Wallet,4939.11,1252.06,3687.05
TXN12038,2024-10-23,CUST1133,Suresh Bose,Male,58,Delhi,Beauty,Sunscreen,9,779.13,13.32,Wallet,7012.17,934.02,6078.15
TXN15187,2024-03-12,CUST1055,Riya Yadav,Female,62,Surat,Electronics,Smartwatch,4,17750.97,11.69,Credit Card,71003.88,8300.35,62703.53
TXN16343,2024-12-23,CUST1027,Neha Reddy,Female,19,Kolkata,Beauty,Shampoo,2,299.61,22.4,Credit Card,599.22,134.23,464.99
TXN15260,2024-02-26,CUST1093,Ishaan Reddy,Male,52,Bangalore,Toys,Puzzle Set,7,984.79,1.32,Debit Card,6893.53,90.99,6802.54
TXN12781,2024-11-16,CUST1186,Nisha Joshi,Female,29,Hyderabad,Books,Comic Book,1,307.16,13.62,Wallet,307.16,41.84,265.32
TXN18739,2024-10-13,CUST1178,Vikram Singh,Male,47,Pune,Home & Kitchen,Curtains,5,1145.32,8.48,UPI,5726.6,485.62,5240.98
TXN12593,2024-02-21,CUST1023,Krishna Shah,Male,34,Hyderabad,Beauty,Face Cream,7,653.78,10.6,Net Banking,4576.46,485.1,4091.36
TXN12463,2024-12-17,CUST1068,Arjun Nair,Male,44,Delhi,Clothing,Jacket,4,4105.3,18.1,UPI,16421.2,2972.24,13448.96
TXN14881,2024-11-29,CUST1087,Diya Mehta,Female,27,Pune,Toys,Board Game,3,1609.89,11.34,Cash,4829.67,547.68,4281.99
TXN12116,2024-06-23,CUST1198,Rahul Gupta,Male,40,Kolkata,Groceries,Sugar (5 kg),3,172.73,14.53,Credit Card,518.19,75.29,442.9
TXN12120,2024-02-15,CUST1035,Vihaan Chaudhary,Male,35,Jaipur,Electronics,Tablet,1,36532.87,1.27,Credit Card,36532.87,463.97,36068.9
TXN15586,2024-07-27,CUST1135,Geeta Sharma,Female,45,Surat,Books,Fiction Novel,2,595.84,8.91,Credit Card,1191.68,106.18,1085.5
TXN13557,2024-04-08,CUST1016,Arjun Patel,Male,49,Pune,Home & Kitchen,Pressure Cooker,6,2029.9,26.55,Cash,12179.4,3233.63,8945.77
TXN18131,2024-05-10,CUST1098,Ananya Bose,Female,31,Kolkata,Electronics,Smartwatch,9,11906.13,24.01,Debit Card,107155.17,25727.96,81427.21
TXN17041,2024-08-11,CUST1117,Aarav Sharma,Male,29,Surat,Sports,Cricket Bat,9,3676.09,5.77,Wallet,33084.81,1908.99,31175.82
TXN18340,2024-03-18,CUST1084,Pooja Patel,Female,24,Surat,Home & Kitchen,Mixer Grinder,5,2402.59,1.23,Debit Card,12012.95,147.76,11865.19
TXN10295,2024-09-12,CUST1142,Reyansh Kumar,Male,51,Hyderabad,Toys,Board Game,1,952.94,0.99,UPI,952.94,9.43,943.51
TXN13507,2024-06-27,CUST1194,Saanvi Tiwari,Female,47,Jaipur,Electronics,Smartphone,2,28341.38,12.4,Net Banking,56682.76,7028.66,49654.1
TXN14764,2024-04-26,CUST1165,Kavya Patel,Female,57,Mumbai,Books,Textbook,3,870.82,21.91,Cash,2612.46,572.39,2040.07
TXN15160,2024-03-11,CUST1149,Pihu Rao,Female,40,Hyderabad,Beauty,Lipstick,1,610.24,28.4,Net Banking,610.24,173.31,436.93
TXN12511,2024-09-27,CUST1040,Rahul Shah,Male,48,Surat,Sports,Football,7,718.78,19.01,Wallet,5031.46,956.48,4074.98
TXN18069,2024-06-08,CUST1006,Nisha Pandey,Female,36,Kolkata,Electronics,Tablet,1,17583.41,27.13,Net Banking,17583.41,4770.38,12813.03
TXN10957,2024-11-28,CUST1192,Meera Srivastava,Female,29,Hyderabad,Home & Kitchen,Pressure Cooker,9,2085.58,27.55,Net Banking,18770.22,5171.2,13599.02
TXN15680,2024-12-16,CUST1156,Suresh Singh,Male,56,Kolkata,Home & Kitchen,Pressure Cooker,5,987.55,21.09,Debit Card,4937.75,1041.37,3896.38
TXN10594,2024-02-20,CUST1084,Priya Verma,Female,18,Ahmedabad,Beauty,Lipstick,10,635.73,21.3,Net Banking,6357.3,1354.1,5003.2
TXN19758,2024-12-04,CUST1036,Reyansh Kumar,Male,58,Mumbai,Electronics,Tablet,8,15878.37,18.23,Wallet,127026.96,23157.01,103869.95
TXN14565,2024-04-23,CUST1073,Vikram Shah,Male,60,Surat,Sports,Cricket Bat,1,3362.51,23.0,Net Banking,3362.51,773.38,2589.13
TXN14558,2024-09-29,CUST1041,Saanvi Pandey,Female,42,Delhi,Groceries,Pulses (1 kg),4,83.52,20.32,Debit Card,334.08,67.89,266.19
TXN18896,2024-04-10,CUST1134,Amit Tiwari,Male,47,Ahmedabad,Electronics,Earphones,4,2985.51,25.49,UPI,11942.04,3044.03,8898.01
TXN15213,2024-08-31,CUST1150,Suresh Singh,Male,50,Kolkata,Sports,Cricket Bat,9,1646.65,5.55,Wallet,14819.85,822.5,13997.35
TXN14149,2024-07-11,CUST1100,Pooja Reddy,Female,31,Delhi,Groceries,Sugar (5 kg),3,203.69,11.57,UPI,611.07,70.7,540.37
TXN15073,2024-02-26,CUST1013,Ananya Agarwal,Female,42,Chennai,Groceries,Pulses (1 kg),4,86.95,1.33,Debit Card,347.8,4.63,343.17
TXN17046,2024-05-09,CUST1017,Pihu Srivastava,Female,65,Kolkata,Beauty,Face Cream,3,440.57,7.61,UPI,1321.71,100.58,1221.13
TXN19462,2024-02-24,CUST1131,Vivaan Mehta,Male,57,Hyderabad,Books,Textbook,6,1130.55,1.29,Wallet,6783.3,87.5,6695.8
TXN18778,2024-08-26,CUST1161,Anjali Singh,Female,46,Hyderabad,Books,Comic Book,2,250.82,12.52,UPI,501.64,62.81,438.83
TXN16608,2024-06-01,CUST1171,Aadhya Agarwal,Female,25,Ahmedabad,Home & Kitchen,Mixer Grinder,8,1871.37,23.43,Wallet,14970.96,3507.7,11463.26
TXN10853,2024-03-29,CUST1122,Vikram Yadav,Male,56,Delhi,Books,Self-Help Book,8,266.13,12.19,Credit Card,2129.04,259.53,1869.51
TXN11168,2024-11-05,CUST1171,Saanvi Shah,Female,44,Pune,Electronics,Tablet,6,16907.12,13.91,Net Banking,101442.72,14110.68,87332.04
TXN19681,2024-10-07,CUST1051,Arjun Verma,Male,42,Surat,Clothing,Women's Kurti,8,1012.17,2.97,Cash,8097.36,240.49,7856.87
TXN17473,2024-10-23,CUST1055,Aadhya Singh,Female,48,Pune,Books,Self-Help Book,10,660.35,4.1,Debit Card,6603.5,270.74,6332.76
TXN14143,2024-08-04,CUST1028,Sunita Sharma,Female,37,Chennai,Toys,Board Game,9,1137.59,1.6,Cash,10238.31,163.81,10074.5
TXN10346,2024-07-11,CUST1101,Pooja Verma,Female,32,Delhi,Toys,Remote Car,4,1729.29,10.14,UPI,6917.16,701.4,6215.76
TXN12937,2024-06-06,CUST1162,Pooja Joshi,Female,45,Delhi,Toys,Doll,8,641.57,15.83,Net Banking,5132.56,812.48,4320.08
TXN14093,2024-11-24,CUST1148,Sunita Rao,Female,27,Mumbai,Home & Kitchen,Pressure Cooker,2,2420.82,24.4,Wallet,4841.64,1181.36,3660.28
TXN11496,2024-08-14,CUST1003,Vikram Pandey,Male,40,Hyderabad,Sports,Badminton Set,6,603.34,16.82,Cash,3620.04,608.89,3011.15
TXN19937,2024-10-26,CUST1180,Sneha Chaudhary,Female,41,Surat,Groceries,Cooking Oil,4,278.67,29.01,Wallet,1114.68,323.37,791.31
TXN10423,2024-03-21,CUST1064,Sai Tiwari,Male,62,Pune,Home & Kitchen,Water Bottle,2,456.57,2.38,Credit Card,913.14,21.73,891.41
TXN18123,2024-11-15,CUST1007,Deepak Patel,Male,50,Bangalore,Books,Self-Help Book,2,553.53,15.48,UPI,1107.06,171.37,935.69
TXN15668,2024-06-17,CUST1171,Saanvi Mishra,Female,60,Jaipur,Books,Self-Help Book,2,496.48,19.68,Wallet,992.96,195.41,797.55
TXN14315,2024-01-27,CUST1182,Vikram Pandey,Male,22,Kolkata,Beauty,Lipstick,10,265.96,13.86,Debit Card,2659.6,368.62,2290.98
TXN17638,2024-08-24,CUST1150,Vikram Patel,Male,34,Ahmedabad,Clothing,Jeans,8,2232.73,21.66,Cash,17861.84,3868.87,13992.97
TXN19440,2024-10-17,CUST1041,Rahul Agarwal,Male,49,Bangalore,Groceries,Flour (10 kg),4,511.82,15.49,UPI,2047.28,317.12,1730.16
TXN11260,2024-07-29,CUST1199,Geeta Bose,Female,42,Ahmedabad,Home & Kitchen,Mixer Grinder,2,2964.68,12.51,Wallet,5929.36,741.76,5187.6
TXN13935,2024-03-18,CUST1173,Sneha Singh,Female,32,Delhi,Clothing,Women's Kurti,4,1318.8,29.84,Credit Card,5275.2,1574.12,3701.08
TXN11504,2024-06-02,CUST1038,Ananya Nair,Female,44,Chennai,Books,Children Book,9,288.32,18.73,Wallet,2594.88,486.02,2108.86
TXN10157,2024-05-03,CUST1192,Ishaan Verma,Male,48,Bangalore,Toys,Puzzle Set,5,1069.22,29.68,Debit Card,5346.1,1586.72,3759.38
TXN13041,2024-05-03,CUST1074,Arjun Tiwari,Male,26,Jaipur,Books,Fiction Novel,6,396.75,5.75,Net Banking,2380.5,136.88,2243.62
TXN14431,2024-01-16,CUST1021,Ayaan Verma,Male,23,Surat,Clothing,Jacket,2,1984.48,22.54,Debit Card,3968.96,894.6,3074.36
TXN16975,2024-11-16,CUST1158,Rajesh Pandey,Male,33,Mumbai,Clothing,Women's Kurti,10,1589.42,14.72,Credit Card,15894.2,2339.63,13554.57
TXN12211,2024-05-21,CUST1156,Arjun Rao,Male,47,Chennai,Home & Kitchen,Bedsheet Set,2,1633.93,0.0,UPI,3267.86,0.0,3267.86
TXN16347,2024-06-29,CUST1002,Riya Patel,Female,65,Kolkata,Home & Kitchen,Mixer Grinder,1,3196.47,3.43,Net Banking,3196.47,109.64,3086.83
TXN10259,2024-03-04,CUST1027,Vikram Patel,Male,38,Surat,Toys,Remote Car,3,1304.05,21.57,Net Banking,3912.15,843.85,3068.3
TXN17183,2024-07-13,CUST1078,Priya Tiwari,Female,39,Surat,Home & Kitchen,Water Bottle,1,265.98,25.13,Net Banking,265.98,66.84,199.14
TXN10678,2024-09-19,CUST1195,Aadhya Chaudhary,Female,33,Delhi,Sports,Yoga Mat,3,1126.01,22.73,Wallet,3378.03,767.83,2610.2
TXN18857,2024-04-20,CUST1009,Amit Srivastava,Male,53,Pune,Groceries,Flour (10 kg),2,490.11,0.32,UPI,980.22,3.14,977.08
TXN11517,2024-03-26,CUST1029,Sai Verma,Male,28,Surat,Home & Kitchen,Curtains,10,641.63,19.08,UPI,6416.3,1224.23,5192.07
TXN11963,2024-11-25,CUST1117,Vivaan Patel,Male,63,Kolkata,Beauty,Face Cream,10,793.54,1.97,Debit Card,7935.4,156.33,7779.07
TXN17747,2024-07-08,CUST1038,Arjun Srivastava,Male,25,Mumbai,Groceries,Rice (5 kg),10,297.62,2.64,Credit Card,2976.2,78.57,2897.63
TXN13092,2024-09-10,CUST1152,Sneha Verma,Female,28,Delhi,Groceries,Pulses (1 kg),1,94.04,10.82,Wallet,94.04,10.18,83.86
TXN16030,2024-08-08,CUST1098,Aadhya Kumar,Female,37,Bangalore,Books,Children Book,9,396.63,13.72,Credit Card,3569.67,489.76,3079.91
TXN18074,2024-01-27,CUST1111,Suresh Yadav,Male,19,Mumbai,Electronics,Laptop,8,52911.68,16.82,Wallet,423293.44,71197.96,352095.48
TXN10805,2024-10-13,CUST1189,Anjali Singh,Female,30,Surat,Books,Textbook,6,948.36,0.21,Net Banking,5690.16,11.95,5678.21
TXN11732,2024-10-17,CUST1162,Rajesh Bose,Male,45,Delhi,Toys,Board Game,6,818.41,1.1,UPI,4910.46,54.02,4856.44
TXN15870,2024-02-06,CUST1071,Riya Chaudhary,Female,41,Kolkata,Groceries,Sugar (5 kg),4,265.11,0.48,Net Banking,1060.44,5.09,1055.35
TXN11026,2024-09-24,CUST1112,Ishaan Reddy,Male,40,Ahmedabad,Books,Self-Help Book,3,556.13,7.95,Net Banking,1668.39,132.64,1535.75
TXN15247,2024-07-29,CUST1087,Meera Rao,Female,55,Pune,Beauty,Face Cream,6,738.73,6.17,Wallet,4432.38,273.48,4158.9
TXN10035,2024-03-11,CUST1096,Vihaan Mehta,Male,39,Surat,Groceries,Pulses (1 kg),6,142.83,18.17,Cash,856.98,155.71,701.27
TXN19698,2024-09-08,CUST1049,Geeta Patel,Female,31,Mumbai,Toys,Doll,1,658.15,29.04,Wallet,658.15,191.13,467.02
TXN18943,2024-02-06,CUST1075,Ishaan Sharma,Male,35,Chennai,Electronics,Laptop,4,63188.78,2.01,Net Banking,252755.12,5080.38,247674.74
TXN13559,2024-03-28,CUST1057,Anjali Agarwal,Female,34,Mumbai,Beauty,Face Cream,5,780.26,9.1,UPI,3901.3,355.02,3546.28
TXN10555,2024-08-15,CUST1027,Saanvi Rao,Female,21,Bangalore,Home & Kitchen,Mixer Grinder,7,2033.62,8.43,Cash,14235.34,1200.04,13035.3
TXN14609,2024-04-04,CUST1057,Kavya Bose,Female,32,Ahmedabad,Home & Kitchen,Pressure Cooker,8,1389.44,5.89,Debit Card,11115.52,654.7,10460.82
TXN12352,2024-01-07,CUST1186,Aarav Reddy,Male,21,Bangalore,Sports,Dumbbells,2,1048.11,0.03,Wallet,2096.22,0.63,2095.59
TXN19612,2024-04-13,CUST1172,Deepak Tiwari,Male,34,Hyderabad,Groceries,Rice (5 kg),8,303.57,20.62,UPI,2428.56,500.77,1927.79
TXN12039,2024-08-29,CUST1104,Sneha Joshi,Female,47,Mumbai,Clothing,Men's T-Shirt,3,617.62,10.14,Cash,1852.86,187.88,1664.98
TXN12746,2024-02-20,CUST1003,Neha Verma,Female,38,Hyderabad,Toys,Board Game,10,850.15,4.36,Credit Card,8501.5,370.67,8130.83
TXN13587,2024-01-01,CUST1152,Lakshmi Patel,Female,18,Chennai,Home & Kitchen,Bedsheet Set,8,1483.41,5.19,Wallet,11867.28,615.91,11251.37
TXN18097,2024-06-28,CUST1185,Pihu Yadav,Female,64,Kolkata,Electronics,Laptop,5,62779.21,17.39,Net Banking,313896.05,54586.52,259309.53
TXN16155,2024-10-16,CUST1056,Rahul Yadav,Male,56,Hyderabad,Clothing,Saree,4,2313.77,4.02,Credit Card,9255.08,372.05,8883.03
TXN13897,2024-04-06,CUST1005,Amit Gupta,Male,33,Chennai,Clothing,Jacket,5,2240.18,24.22,UPI,11200.9,2712.86,8488.04
TXN19354,2024-03-18,CUST1117,Suresh Joshi,Male,45,Chennai,Home & Kitchen,Mixer Grinder,1,1516.97,23.42,Debit Card,1516.97,355.27,1161.7
TXN10497,2024-10-30,CUST1149,Geeta Yadav,Female,44,Mumbai,Home & Kitchen,Curtains,6,1384.6,14.58,Debit Card,8307.6,1211.25,7096.35
TXN13400,2024-01-14,CUST1049,Vikram Pandey,Male,31,Jaipur,Clothing,Jeans,9,1037.96,24.77,Wallet,9341.64,2313.92,7027.72
TXN12590,2024-08-31,CUST1157,Ananya Reddy,Female,24,Surat,Electronics,Tablet,6,30241.51,1.86,Wallet,181449.06,3374.95,178074.11
TXN19294,2024-08-31,CUST1145,Neha Sharma,Female,26,Chennai,Clothing,Jeans,2,913.47,10.74,Debit Card,1826.94,196.21,1630.73
TXN10055,2024-09-24,CUST1191,Saanvi Agarwal,Female,41,Mumbai,Sports,Badminton Set,4,1768.25,19.7,Cash,7073.0,1393.38,5679.62
TXN10194,2024-10-05,CUST1110,Ishaan Tiwari,Male,57,Ahmedabad,Toys,Remote Car,2,1503.61,2.42,Net Banking,3007.22,72.77,2934.45
TXN10484,2024-12-14,CUST1104,Diya Tiwari,Female,44,Pune,Beauty,Perfume,10,878.11,7.46,Net Banking,8781.1,655.07,8126.03
TXN18925,2024-02-14,CUST1004,Suresh Nair,Male,21,Jaipur,Home & Kitchen,Bedsheet Set,8,712.14,29.48,UPI,5697.12,1679.51,4017.61
TXN19979,2024-03-30,CUST1113,Aditya Srivastava,Male,47,Delhi,Electronics,Tablet,6,34174.18,22.46,Cash,205045.08,46053.12,158991.96
TXN11247,2024-04-13,CUST1194,Riya Yadav,Female,62,Bangalore,Toys,Remote Car,8,2166.05,24.84,Net Banking,17328.4,4304.37,13024.03
TXN12722,2024-03-31,CUST1046,Krishna Pandey,Male,54,Delhi,Clothing,Women's Kurti,2,1157.15,8.57,Credit Card,2314.3,198.34,2115.96
TXN16660,2024-07-13,CUST1018,Sneha Mehta,Female,42,Mumbai,Books,Children Book,9,320.78,2.12,Debit Card,2887.02,61.2,2825.82
TXN12356,2024-02-26,CUST1137,Neha Pandey,Female,52,Bangalore,Clothing,Women's Kurti,10,1698.73,0.29,Net Banking,16987.3,49.26,16938.04
TXN16842,2024-01-04,CUST1120,Rajesh Srivastava,Male,37,Mumbai,Home & Kitchen,Mixer Grinder,3,2362.54,3.49,Debit Card,7087.62,247.36,6840.26
TXN12388,2024-02-08,CUST1159,Pooja Joshi,Female,47,Hyderabad,Sports,Dumbbells,5,2387.39,22.88,UPI,11936.95,2731.17,9205.78
TXN11016,2024-09-04,CUST1199,Diya Patel,Female,57,Kolkata,Beauty,Perfume,5,1502.33,24.46,Credit Card,7511.65,1837.35,5674.3
TXN14264,2024-04-08,CUST1001,Kiran Mehta,Female,25,Hyderabad,Home & Kitchen,Curtains,5,711.54,27.43,Cash,3557.7,975.88,2581.82
TXN17848,2024-02-28,CUST1111,Reyansh Singh,Male,50,Bangalore,Home & Kitchen,Curtains,1,892.79,7.17,Credit Card,892.79,64.01,828.78
TXN17756,2024-07-10,CUST1109,Sneha Rao,Female,41,Pune,Groceries,Cooking Oil,5,390.79,25.38,Wallet,1953.95,495.91,1458.04
TXN19559,2024-07-25,CUST1067,Aadhya Mehta,Female,51,Bangalore,Sports,Dumbbells,1,1886.02,3.02,Debit Card,1886.02,56.96,1829.06
TXN15163,2024-09-21,CUST1121,Neha Bose,Female,34,Kolkata,Home & Kitchen,Curtains,9,1414.89,0.52,Credit Card,12734.01,66.22,12667.79
TXN11672,2024-10-20,CUST1055,Suresh Verma,Male,40,Kolkata,Clothing,Men's T-Shirt,9,913.82,20.3,Cash,8224.38,1669.55,6554.83
TXN15709,2024-10-04,CUST1200,Vikram Shah,Male,21,Hyderabad,Electronics,Earphones,1,4134.98,24.63,Cash,4134.98,1018.45,3116.53
TXN12404,2024-06-04,CUST1066,Lakshmi Nair,Female,62,Mumbai,Groceries,Pulses (1 kg),10,108.66,25.67,Wallet,1086.6,278.93,807.67
TXN13322,2024-01-12,CUST1109,Rahul Chaudhary,Male,61,Jaipur,Groceries,Flour (10 kg),6,584.45,23.2,UPI,3506.7,813.55,2693.15
TXN11920,2024-11-05,CUST1104,Aarav Kumar,Male,43,Surat,Sports,Cricket Bat,3,2760.44,5.5,UPI,8281.32,455.47,7825.85
TXN15062,2024-09-17,CUST1127,Vikram Sharma,Male,27,Mumbai,Sports,Cricket Bat,10,3649.95,4.41,Debit Card,36499.5,1609.63,34889.87
TXN16432,2024-11-05,CUST1193,Vikram Srivastava,Male,48,Delhi,Electronics,Smartphone,6,25092.76,25.35,Net Banking,150556.56,38166.09,112390.47
TXN10698,2024-10-03,CUST1175,Rajesh Joshi,Male,47,Hyderabad,Groceries,Rice (5 kg),3,281.32,21.19,UPI,843.96,178.84,665.12
TXN12740,2024-09-28,CUST1154,Sunita Yadav,Female,28,Jaipur,Toys,Remote Car,1,1647.61,5.64,UPI,1647.61,92.93,1554.68
TXN14148,2024-12-02,CUST1006,Rahul Singh,Male,64,Mumbai,Groceries,Flour (10 kg),2,410.92,1.41,Cash,821.84,11.59,810.25
TXN14336,2024-04-04,CUST1144,Rohit Chaudhary,Male,20,Delhi,Groceries,Pulses (1 kg),4,111.16,8.49,Wallet,444.64,37.75,406.89
TXN12537,2024-01-17,CUST1190,Aadhya Agarwal,Female,64,Jaipur,Toys,Remote Car,5,2875.24,16.97,Credit Card,14376.2,2439.64,11936.56
TXN14270,2024-03-01,CUST1136,Sai Mishra,Male,43,Ahmedabad,Toys,Doll,2,1111.78,0.98,Debit Card,2223.56,21.79,2201.77
TXN16665,2024-04-29,CUST1010,Aarav Mishra,Male,19,Chennai,Clothing,Jacket,1,3111.71,11.14,Debit Card,3111.71,346.64,2765.07
TXN13730,2024-04-10,CUST1048,Sneha Joshi,Female,21,Mumbai,Beauty,Sunscreen,5,310.28,17.8,Net Banking,1551.4,276.15,1275.25
TXN10459,2024-10-14,CUST1106,Vivaan Pandey,Male,62,Mumbai,Sports,Dumbbells,8,2471.91,20.25,Net Banking,19775.28,4004.49,15770.79
TXN16626,2024-11-26,CUST1045,Saanvi Mishra,Female,54,Surat,Groceries,Cooking Oil,6,235.85,11.95,Wallet,1415.1,169.1,1246.0
TXN17752,2024-10-26,CUST1190,Kavya Yadav,Female,19,Hyderabad,Toys,Action Figure,9,385.34,24.89,Debit Card,3468.06,863.2,2604.86
TXN16882,2024-07-14,CUST1068,Meera Mehta,Female,18,Jaipur,Sports,Cricket Bat,9,3051.14,19.22,Wallet,27460.26,5277.86,22182.4
TXN11793,2024-05-04,CUST1133,Ishaan Sharma,Male,61,Pune,Toys,Board Game,1,1890.13,6.16,Debit Card,1890.13,116.43,1773.7
TXN11932,2024-09-24,CUST1050,Meera Nair,Female,59,Hyderabad,Groceries,Cooking Oil,6,359.64,18.51,Credit Card,2157.84,399.42,1758.42
TXN11488,2024-02-19,CUST1103,Rahul Verma,Male,65,Ahmedabad,Beauty,Lipstick,8,583.32,21.49,Net Banking,4666.56,1002.84,3663.72
TXN14343,2024-03-09,CUST1029,Ayaan Kumar,Male,55,Hyderabad,Groceries,Cooking Oil,7,369.3,15.66,UPI,2585.1,404.83,2180.27
TXN19476,2024-10-15,CUST1044,Diya Verma,Female,54,Surat,Toys,Remote Car,2,2147.77,13.88,Credit Card,4295.54,596.22,3699.32
TXN15048,2024-12-07,CUST1083,Aarav Mehta,Male,37,Surat,Sports,Dumbbells,3,2798.48,23.87,UPI,8395.44,2003.99,6391.45
TXN17676,2024-11-06,CUST1038,Geeta Agarwal,Female,48,Delhi,Sports,Football,6,712.9,17.1,Net Banking,4277.4,731.44,3545.96
TXN15696,2024-09-17,CUST1160,Kavya Reddy,Female,55,Surat,Clothing,Jacket,1,4463.77,7.01,Credit Card,4463.77,312.91,4150.86
TXN17849,2024-04-11,CUST1118,Aadhya Bose,Female,49,Chennai,Beauty,Sunscreen,8,399.03,27.44,Debit Card,3192.24,875.95,2316.29
TXN13801,2024-12-27,CUST1068,Amit Srivastava,Male,31,Hyderabad,Books,Children Book,2,342.3,8.16,Debit Card,684.6,55.86,628.74
TXN18003,2024-02-18,CUST1167,Rajesh Patel,Male,60,Pune,Beauty,Shampoo,6,578.14,2.92,Cash,3468.84,101.29,3367.55
TXN17553,2024-07-05,CUST1050,Sunita Verma,Female,46,Hyderabad,Beauty,Lipstick,7,871.97,3.79,Debit Card,6103.79,231.33,5872.46
TXN14873,2024-07-23,CUST1153,Rahul Nair,Male,22,Jaipur,Beauty,Perfume,5,1993.7,27.81,Cash,9968.5,2772.24,7196.26
TXN16173,2024-05-02,CUST1059,Meera Srivastava,Female,48,Pune,Clothing,Saree,3,4996.54,26.73,Credit Card,14989.62,4006.73,10982.89
TXN11724,2024-03-02,CUST1155,Riya Kumar,Female,31,Jaipur,Toys,Action Figure,9,593.14,22.68,Credit Card,5338.26,1210.72,4127.54
TXN10403,2024-08-31,CUST1054,Rajesh Pandey,Male,36,Jaipur,Sports,Football,3,597.13,4.48,Net Banking,1791.39,80.25,1711.14
TXN16540,2024-03-15,CUST1099,Sunita Shah,Female,46,Ahmedabad,Home & Kitchen,Water Bottle,1,593.39,5.38,Debit Card,593.39,31.92,561.47
TXN17327,2024-04-27,CUST1013,Nisha Nair,Female,30,Jaipur,Beauty,Sunscreen,4,373.7,23.67,UPI,1494.8,353.82,1140.98
TXN16551,2024-05-27,CUST1005,Lakshmi Yadav,Female,45,Delhi,Home & Kitchen,Pressure Cooker,4,800.4,16.65,Debit Card,3201.6,533.07,2668.53
TXN13433,2024-09-24,CUST1012,Kiran Kumar,Female,19,Jaipur,Home & Kitchen,Pressure Cooker,9,2391.87,8.16,Net Banking,21526.83,1756.59,19770.24
TXN19276,2024-10-23,CUST1054,Vihaan Singh,Male,56,Surat,Electronics,Smartphone,7,40044.41,0.82,UPI,280310.87,2298.55,278012.32
TXN10111,2024-06-01,CUST1198,Saanvi Tiwari,Female,45,Hyderabad,Electronics,Tablet,9,15177.19,7.02,Credit Card,136594.71,9588.95,127005.76
TXN13209,2024-03-02,CUST1196,Riya Kumar,Female,48,Pune,Books,Children Book,10,220.7,25.37,Debit Card,2207.0,559.92,1647.08
TXN18477,2024-03-15,CUST1113,Ishaan Rao,Male,60,Ahmedabad,Beauty,Lipstick,9,670.88,24.71,Credit Card,6037.92,1491.97,4545.95
TXN12912,2024-05-13,CUST1167,Saanvi Nair,Female,22,Surat,Toys,Remote Car,1,967.7,25.74,UPI,967.7,249.09,718.61
TXN18442,2024-03-10,CUST1081,Meera Verma,Female,47,Chennai,Home & Kitchen,Mixer Grinder,9,3585.67,29.81,UPI,32271.03,9619.99,22651.04
TXN13581,2024-02-12,CUST1105,Ishaan Patel,Male,37,Kolkata,Electronics,Laptop,8,49807.38,14.58,UPI,398459.04,58095.33,340363.71
TXN13983,2024-03-08,CUST1170,Ishaan Shah,Male,26,Pune,Toys,Remote Car,4,801.83,28.52,Net Banking,3207.32,914.73,2292.59
TXN16042,2024-12-25,CUST1085,Nisha Reddy,Female,58,Bangalore,Toys,Doll,5,786.98,1.95,Wallet,3934.9,76.73,3858.17
TXN14909,2024-09-03,CUST1070,Deepak Mishra,Male,47,Delhi,Sports,Yoga Mat,6,522.91,23.76,Debit Card,3137.46,745.46,2392.0
TXN18434,2024-08-25,CUST1063,Kavya Kumar,Female,39,Pune,Home & Kitchen,Bedsheet Set,1,1195.41,7.92,Wallet,1195.41,94.68,1100.73
TXN17320,2024-03-30,CUST1041,Pihu Rao,Female,55,Kolkata,Beauty,Perfume,4,1889.79,23.16,Net Banking,7559.16,1750.7,5808.46
TXN17698,2024-05-20,CUST1157,Ishaan Agarwal,Male,43,Bangalore,Sports,Football,10,1090.54,17.08,Debit Card,10905.4,1862.64,9042.76
TXN16850,2024-01-25,CUST1091,Arjun Gupta,Male,62,Pune,Books,Self-Help Book,10,279.24,6.7,Debit Card,2792.4,187.09,2605.31
TXN15318,2024-05-19,CUST1057,Diya Reddy,Female,64,Pune,Sports,Cricket Bat,9,1747.17,25.86,Debit Card,15724.53,4066.36,11658.17
TXN19435,2024-11-26,CUST1012,Aarav Kumar,Male,20,Pune,Electronics,Earphones,1,2302.21,7.71,Credit Card,2302.21,177.5,2124.71
TXN11671,2024-08-15,CUST1022,Ananya Srivastava,Female,24,Chennai,Beauty,Face Cream,10,789.68,2.03,Wallet,7896.8,160.31,7736.49
TXN10730,2024-06-23,CUST1186,Ananya Mishra,Female,30,Chennai,Electronics,Smartphone,7,32501.03,9.9,Net Banking,227507.21,22523.21,204984.0
TXN17295,2024-01-06,CUST1119,Rohit Kumar,Male,37,Jaipur,Toys,Action Figure,6,806.89,1.48,Credit Card,4841.34,71.65,4769.69
TXN15811,2024-01-24,CUST1106,Kiran Singh,Female,29,Surat,Clothing,Jeans,8,1409.65,21.05,UPI,11277.2,2373.85,8903.35
TXN16176,2024-12-17,CUST1173,Rahul Shah,Male,37,Pune,Electronics,Smartphone,8,35349.62,14.0,Net Banking,282796.96,39591.57,243205.39
TXN14786,2024-07-30,CUST1038,Aditya Rao,Male,27,Surat,Sports,Football,9,1207.79,8.07,UPI,10870.11,877.22,9992.89
TXN19893,2024-04-18,CUST1072,Ayaan Agarwal,Male,51,Surat,Books,Textbook,1,1111.82,23.05,Credit Card,1111.82,256.27,855.55
TXN19418,2024-02-27,CUST1074,Nisha Pandey,Female,59,Bangalore,Home & Kitchen,Curtains,8,572.9,13.55,Debit Card,4583.2,621.02,3962.18
TXN11757,2024-03-01,CUST1150,Kiran Reddy,Female,40,Chennai,Electronics,Smartphone,4,34171.28,20.13,Wallet,136685.12,27514.71,109170.41
TXN14930,2024-12-10,CUST1099,Diya Patel,Female,27,Chennai,Groceries,Rice (5 kg),6,419.91,7.7,Credit Card,2519.46,194.0,2325.46
TXN11802,2024-09-05,CUST1195,Rahul Yadav,Male,33,Surat,Sports,Yoga Mat,3,1166.72,20.74,Credit Card,3500.16,725.93,2774.23
TXN12813,2024-06-01,CUST1090,Aarav Sharma,Male,33,Bangalore,Toys,Doll,9,794.66,16.01,Cash,7151.94,1145.03,6006.91
TXN16942,2024-12-18,CUST1020,Diya Patel,Female,25,Hyderabad,Toys,Remote Car,4,2993.99,14.26,Net Banking,11975.96,1707.77,10268.19
TXN13740,2024-04-08,CUST1136,Reyansh Gupta,Male,63,Hyderabad,Clothing,Saree,10,2908.5,29.64,Cash,29085.0,8620.79,20464.21
TXN12810,2024-05-08,CUST1196,Amit Patel,Male,42,Delhi,Toys,Action Figure,9,860.74,12.1,Credit Card,7746.66,937.35,6809.31
TXN10576,2024-10-23,CUST1039,Rahul Singh,Male,18,Kolkata,Groceries,Rice (5 kg),6,413.73,15.48,Cash,2482.38,384.27,2098.11
TXN15578,2024-07-27,CUST1020,Vihaan Patel,Male,46,Delhi,Sports,Dumbbells,6,2488.95,1.2,Debit Card,14933.7,179.2,14754.5
TXN18931,2024-06-26,CUST1075,Lakshmi Pandey,Female,49,Mumbai,Clothing,Men's T-Shirt,3,444.88,4.69,Net Banking,1334.64,62.59,1272.05
TXN16581,2024-05-08,CUST1084,Arjun Rao,Male,41,Bangalore,Beauty,Sunscreen,1,578.63,5.56,Net Banking,578.63,32.17,546.46
TXN16333,2024-01-10,CUST1053,Aarav Tiwari,Male,33,Kolkata,Toys,Puzzle Set,2,939.22,4.82,Net Banking,1878.44,90.54,1787.9
TXN15831,2024-01-01,CUST1103,Ayaan Srivastava,Male,37,Mumbai,Home & Kitchen,Mixer Grinder,8,2364.28,15.24,Credit Card,18914.24,2882.53,16031.71
TXN10609,2024-04-10,CUST1161,Neha Rao,Female,31,Ahmedabad,Electronics,Earphones,8,4097.59,4.03,Cash,32780.72,1321.06,31459.66
TXN13531,2024-09-21,CUST1115,Sunita Kumar,Female,55,Delhi,Sports,Yoga Mat,8,640.98,15.55,Credit Card,5127.84,797.38,4330.46
TXN10499,2024-02-09,CUST1032,Suresh Shah,Male,23,Kolkata,Sports,Cricket Bat,8,2278.14,29.24,Net Banking,18225.12,5329.03,12896.09
TXN14845,2024-03-14,CUST1090,Riya Pandey,Female,46,Bangalore,Groceries,Sugar (5 kg),5,217.74,12.44,Cash,1088.7,135.43,953.27
TXN13059,2024-07-28,CUST1076,Sunita Verma,Female,29,Mumbai,Clothing,Men's T-Shirt,6,1030.88,25.5,Debit Card,6185.28,1577.25,4608.03
TXN18171,2024-08-18,CUST1127,Rohit Pandey,Male,41,Jaipur,Home & Kitchen,Bedsheet Set,7,1775.04,3.6,Wallet,12425.28,447.31,11977.97
TXN15228,2024-09-16,CUST1046,Kavya Chaudhary,Female,55,Chennai,Electronics,Tablet,2,38966.35,8.37,Net Banking,77932.7,6522.97,71409.73
TXN18041,2024-02-23,CUST1190,Ananya Agarwal,Female,62,Kolkata,Sports,Badminton Set,7,931.16,0.33,Cash,6518.12,21.51,6496.61
TXN13781,2024-01-12,CUST1112,Rajesh Tiwari,Male,53,Pune,Electronics,Tablet,8,23377.94,22.51,Wallet,187023.52,42098.99,144924.53
TXN16482,2024-01-04,CUST1098,Vivaan Shah,Male,21,Chennai,Electronics,Laptop,10,83935.82,16.6,Net Banking,839358.2,139333.46,700024.74
TXN16459,2024-11-26,CUST1120,Amit Yadav,Male,48,Hyderabad,Electronics,Earphones,9,4684.03,16.22,UPI,42156.27,6837.75,35318.52
TXN14074,2024-03-22,CUST1124,Meera Patel,Female,31,Bangalore,Electronics,Smartwatch,1,10582.63,26.19,Credit Card,10582.63,2771.59,7811.04
TXN19273,2024-02-26,CUST1126,Anjali Mishra,Female,34,Hyderabad,Toys,Doll,1,954.5,23.52,Debit Card,954.5,224.5,730.0
TXN10138,2024-09-10,CUST1066,Saanvi Tiwari,Female,31,Kolkata,Electronics,Smartwatch,8,12408.53,21.88,Net Banking,99268.24,21719.89,77548.35
TXN19231,2024-07-02,CUST1057,Nisha Yadav,Female,19,Jaipur,Home & Kitchen,Bedsheet Set,8,1258.98,1.84,Credit Card,10071.84,185.32,9886.52
TXN12512,2024-07-28,CUST1019,Kavya Yadav,Female,60,Jaipur,Toys,Puzzle Set,10,657.8,19.99,UPI,6578.0,1314.94,5263.06
TXN17281,2024-02-05,CUST1065,Sai Agarwal,Male,21,Surat,Toys,Doll,2,476.25,25.77,Cash,952.5,245.46,707.04
TXN18435,2024-09-05,CUST1183,Pihu Shah,Female,34,Bangalore,Sports,Dumbbells,5,2004.01,14.02,Debit Card,10020.05,1404.81,8615.24
TXN10559,2024-08-12,CUST1180,Lakshmi Joshi,Female,42,Chennai,Clothing,Jacket,6,2702.96,5.69,Wallet,16217.76,922.79,15294.97
TXN12110,2024-05-22,CUST1021,Amit Bose,Male,36,Kolkata,Electronics,Laptop,10,50991.96,11.4,UPI,509919.6,58130.83,451788.77
TXN19859,2024-11-25,CUST1094,Kavya Agarwal,Female,43,Jaipur,Beauty,Perfume,1,657.91,27.63,Net Banking,657.91,181.78,476.13
TXN19288,2024-08-18,CUST1111,Amit Rao,Male,40,Mumbai,Sports,Badminton Set,1,959.77,29.01,Cash,959.77,278.43,681.34
TXN15793,2024-03-02,CUST1188,Ayaan Reddy,Male,52,Kolkata,Toys,Remote Car,9,1609.56,16.17,Net Banking,14486.04,2342.39,12143.65
TXN17237,2024-10-25,CUST1072,Deepak Sharma,Male,27,Jaipur,Electronics,Earphones,10,4132.8,13.64,Cash,41328.0,5637.14,35690.86
TXN14935,2024-08-28,CUST1073,Nisha Rao,Female,45,Hyderabad,Groceries,Cooking Oil,9,321.91,1.67,Credit Card,2897.19,48.38,2848.81
TXN19127,2024-05-09,CUST1078,Ananya Chaudhary,Female,62,Bangalore,Beauty,Lipstick,7,445.95,0.65,Credit Card,3121.65,20.29,3101.36
TXN17490,2024-01-21,CUST1031,Ayaan Reddy,Male,37,Surat,Home & Kitchen,Pressure Cooker,2,1027.74,19.93,UPI,2055.48,409.66,1645.82
TXN11258,2024-10-16,CUST1023,Ayaan Mehta,Male,56,Jaipur,Toys,Doll,5,557.8,22.19,Debit Card,2789.0,618.88,2170.12
TXN18460,2024-10-27,CUST1050,Ananya Chaudhary,Female,41,Surat,Groceries,Flour (10 kg),3,586.94,28.34,Wallet,1760.82,499.02,1261.8
TXN12908,2024-01-30,CUST1020,Priya Kumar,Female,53,Chennai,Clothing,Men's T-Shirt,1,681.51,5.8,Debit Card,681.51,39.53,641.98
TXN16098,2024-07-03,CUST1031,Vihaan Chaudhary,Male,25,Pune,Beauty,Perfume,8,1850.19,1.3,UPI,14801.52,192.42,14609.1
TXN10557,2024-08-20,CUST1147,Arjun Srivastava,Male,36,Kolkata,Sports,Dumbbells,8,1464.54,16.43,Debit Card,11716.32,1924.99,9791.33
TXN10257,2024-07-03,CUST1079,Rohit Patel,Male,43,Jaipur,Sports,Badminton Set,8,927.86,9.49,Cash,7422.88,704.43,6718.45
TXN15209,2024-10-16,CUST1054,Krishna Rao,Male,23,Bangalore,Books,Fiction Novel,7,234.0,26.26,Debit Card,1638.0,430.14,1207.86
TXN10561,2024-12-21,CUST1137,Sunita Rao,Female,55,Pune,Sports,Dumbbells,3,2229.06,27.27,Cash,6687.18,1823.59,4863.59
TXN16820,2024-01-06,CUST1046,Meera Reddy,Female,62,Surat,Groceries,Flour (10 kg),3,418.09,6.84,UPI,1254.27,85.79,1168.48
TXN19515,2024-03-06,CUST1059,Reyansh Pandey,Male,63,Jaipur,Toys,Puzzle Set,2,1340.47,6.34,UPI,2680.94,169.97,2510.97
TXN15466,2024-06-13,CUST1132,Aditya Reddy,Male,47,Kolkata,Books,Fiction Novel,1,524.0,13.99,Cash,524.0,73.31,450.69
TXN15251,2024-03-02,CUST1185,Riya Nair,Female,36,Kolkata,Electronics,Earphones,4,1669.44,7.63,Cash,6677.76,509.51,6168.25
TXN16583,2024-09-13,CUST1022,Pooja Verma,Female,22,Hyderabad,Sports,Yoga Mat,3,591.59,13.63,Debit Card,1774.77,241.9,1532.87
TXN19480,2024-09-01,CUST1129,Aadhya Gupta,Female,49,Surat,Electronics,Earphones,9,4688.37,5.33,Net Banking,42195.33,2249.01,39946.32
TXN14582,2024-06-18,CUST1132,Vikram Gupta,Male,65,Jaipur,Home & Kitchen,Water Bottle,5,220.94,19.53,Wallet,1104.7,215.75,888.95
TXN11625,2024-09-21,CUST1008,Rohit Mishra,Male,53,Surat,Clothing,Saree,10,3369.23,16.0,Credit Card,33692.3,5390.77,28301.53
TXN13491,2024-05-25,CUST1065,Deepak Kumar,Male,54,Bangalore,Home & Kitchen,Curtains,8,587.14,18.62,Credit Card,4697.12,874.6,3822.52
TXN15748,2024-03-30,CUST1115,Kiran Patel,Female,36,Hyderabad,Groceries,Pulses (1 kg),9,81.08,2.47,Debit Card,729.72,18.02,711.7
TXN13790,2024-03-03,CUST1051,Kiran Chaudhary,Female,62,Chennai,Clothing,Jeans,6,950.96,29.61,Debit Card,5705.76,1689.48,4016.28
TXN17916,2024-05-25,CUST1075,Aadhya Gupta,Female,62,Mumbai,Beauty,Perfume,4,1518.76,28.84,Net Banking,6075.04,1752.04,4323.0
TXN10427,2024-01-21,CUST1023,Pooja Nair,Female,36,Jaipur,Toys,Puzzle Set,1,1390.18,26.53,Credit Card,1390.18,368.81,1021.37
TXN13002,2024-03-26,CUST1062,Meera Sharma,Female,51,Ahmedabad,Toys,Doll,1,1026.41,24.95,Cash,1026.41,256.09,770.32
TXN19383,2024-01-29,CUST1001,Anjali Bose,Female,22,Ahmedabad,Toys,Doll,2,689.66,3.86,Credit Card,1379.32,53.24,1326.08
TXN17203,2024-09-16,CUST1031,Suresh Joshi,Male,48,Bangalore,Clothing,Saree,8,5060.83,25.41,UPI,40486.64,10287.66,30198.98
TXN12538,2024-09-19,CUST1038,Aadhya Verma,Female,65,Pune,Books,Self-Help Book,9,413.11,27.29,Credit Card,3717.99,1014.64,2703.35
TXN15986,2024-10-20,CUST1022,Reyansh Singh,Male,38,Kolkata,Toys,Doll,7,898.34,5.59,Net Banking,6288.38,351.52,5936.86
TXN13533,2024-03-01,CUST1124,Reyansh Kumar,Male,57,Jaipur,Sports,Football,6,710.76,24.6,Credit Card,4264.56,1049.08,3215.48
TXN14478,2024-05-31,CUST1099,Reyansh Joshi,Male,61,Surat,Clothing,Jacket,2,2215.2,10.42,Cash,4430.4,461.65,3968.75
TXN10875,2024-05-19,CUST1066,Amit Yadav,Male,27,Jaipur,Groceries,Pulses (1 kg),1,120.98,27.81,Cash,120.98,33.64,87.34
TXN17740,2024-07-19,CUST1016,Kavya Shah,Female,59,Kolkata,Toys,Board Game,1,1364.93,17.21,Debit Card,1364.93,234.9,1130.03
TXN15440,2024-09-27,CUST1058,Sai Shah,Male,26,Mumbai,Sports,Yoga Mat,6,475.89,19.2,Credit Card,2855.34,548.23,2307.11
TXN18781,2024-12-22,CUST1190,Sneha Mehta,Female,62,Hyderabad,Beauty,Shampoo,9,526.51,12.08,Cash,4738.59,572.42,4166.17
TXN16825,2024-05-02,CUST1163,Riya Joshi,Female,62,Delhi,Groceries,Flour (10 kg),6,569.63,14.43,Cash,3417.78,493.19,2924.59
TXN10971,2024-03-22,CUST1180,Vivaan Yadav,Male,40,Ahmedabad,Home & Kitchen,Water Bottle,6,240.56,12.49,Cash,1443.36,180.28,1263.08
TXN12014,2024-08-16,CUST1019,Riya Mehta,Female,57,Surat,Toys,Doll,3,1095.29,1.87,Debit Card,3285.87,61.45,3224.42
TXN14826,2024-03-05,CUST1095,Neha Rao,Female,60,Delhi,Toys,Remote Car,6,2307.61,7.35,Debit Card,13845.66,1017.66,12828.0
TXN17830,2024-03-07,CUST1124,Ayaan Kumar,Male,41,Surat,Beauty,Shampoo,1,536.03,2.1,Credit Card,536.03,11.26,524.77
TXN18969,2024-01-18,CUST1109,Riya Tiwari,Female,25,Mumbai,Home & Kitchen,Mixer Grinder,4,3269.74,11.21,Debit Card,13078.96,1466.15,11612.81
TXN16841,2024-04-22,CUST1061,Lakshmi Shah,Female,61,Delhi,Clothing,Saree,4,5060.53,12.49,Wallet,20242.12,2528.24,17713.88
TXN15554,2024-05-21,CUST1022,Deepak Nair,Male,22,Hyderabad,Clothing,Jacket,6,2827.43,9.83,Wallet,16964.58,1667.62,15296.96
TXN18620,2024-07-12,CUST1039,Geeta Joshi,Female,37,Mumbai,Toys,Board Game,7,828.31,11.02,Cash,5798.17,638.96,5159.21
TXN13437,2024-10-09,CUST1188,Kavya Kumar,Female,55,Surat,Beauty,Lipstick,10,938.02,12.31,Wallet,9380.2,1154.7,8225.5
TXN17005,2024-08-09,CUST1185,Pooja Chaudhary,Female,27,Kolkata,Sports,Football,10,951.74,22.88,Credit Card,9517.4,2177.58,7339.82
TXN11053,2024-05-26,CUST1071,Pihu Mehta,Female,31,Kolkata,Books,Self-Help Book,6,396.99,13.41,UPI,2381.94,319.42,2062.52
TXN16261,2024-08-05,CUST1075,Amit Kumar,Male,63,Hyderabad,Home & Kitchen,Curtains,2,404.25,21.6,Wallet,808.5,174.64,633.86
TXN17170,2024-12-16,CUST1154,Kavya Reddy,Female,44,Pune,Clothing,Women's Kurti,7,1591.93,16.9,UPI,11143.51,1883.25,9260.26
TXN15231,2024-08-19,CUST1179,Arjun Nair,Male,50,Mumbai,Home & Kitchen,Curtains,3,859.14,18.36,Net Banking,2577.42,473.21,2104.21
TXN10509,2024-05-26,CUST1058,Sneha Kumar,Female,65,Hyderabad,Sports,Football,8,1678.5,27.89,Cash,13428.0,3745.07,9682.93
TXN10871,2024-10-07,CUST1163,Vihaan Pandey,Male,41,Delhi,Books,Self-Help Book,6,405.63,15.66,Net Banking,2433.78,381.13,2052.65
TXN12675,2024-05-02,CUST1142,Riya Shah,Female,43,Ahmedabad,Groceries,Rice (5 kg),4,403.67,23.55,UPI,1614.68,380.26,1234.42
TXN13831,2024-09-21,CUST1016,Priya Singh,Female,25,Chennai,Toys,Doll,3,582.81,12.04,UPI,1748.43,210.51,1537.92
TXN17518,2024-12-05,CUST1084,Aadhya Chaudhary,Female,30,Mumbai,Home & Kitchen,Curtains,8,422.74,29.59,Debit Card,3381.92,1000.71,2381.21
TXN18210,2024-05-20,CUST1029,Rahul Mehta,Male,42,Hyderabad,Home & Kitchen,Curtains,2,1295.14,0.44,UPI,2590.28,11.4,2578.88
TXN11286,2024-03-12,CUST1035,Kavya Shah,Female,29,Surat,Electronics,Tablet,4,24338.08,2.25,Cash,97352.32,2190.43,95161.89
TXN10868,2024-05-10,CUST1142,Aadhya Gupta,Female,62,Chennai,Toys,Remote Car,3,2244.92,8.81,Net Banking,6734.76,593.33,6141.43
TXN10909,2024-10-07,CUST1196,Aditya Gupta,Male,23,Mumbai,Groceries,Rice (5 kg),10,401.99,6.43,Debit Card,4019.9,258.48,3761.42
TXN13330,2024-10-10,CUST1009,Suresh Pandey,Male,58,Kolkata,Books,Fiction Novel,8,385.95,20.76,Net Banking,3087.6,640.99,2446.61
TXN17036,2024-11-20,CUST1141,Ayaan Reddy,Male,27,Delhi,Books,Textbook,10,419.62,13.12,Credit Card,4196.2,550.54,3645.66
TXN14030,2024-04-04,CUST1001,Arjun Srivastava,Male,32,Jaipur,Electronics,Smartphone,3,40522.79,29.43,UPI,121568.37,35777.57,85790.8
TXN17289,2024-10-23,CUST1153,Meera Gupta,Female,46,Hyderabad,Home & Kitchen,Mixer Grinder,4,3431.2,19.15,Wallet,13724.8,2628.3,11096.5
TXN13951,2024-05-27,CUST1015,Priya Verma,Female,22,Chennai,Beauty,Perfume,6,1580.11,25.76,Wallet,9480.66,2442.22,7038.44
TXN18381,2024-02-26,CUST1167,Kiran Nair,Female,49,Hyderabad,Sports,Football,4,1578.63,25.88,Net Banking,6314.52,1634.2,4680.32
TXN10841,2024-06-03,CUST1195,Ananya Mishra,Female,47,Pune,Books,Comic Book,8,224.94,25.7,Debit Card,1799.52,462.48,1337.04
TXN12657,2024-10-01,CUST1127,Pihu Kumar,Female,41,Ahmedabad,Groceries,Flour (10 kg),7,518.92,14.85,Wallet,3632.44,539.42,3093.02
TXN17799,2024-02-11,CUST1039,Aarav Tiwari,Male,51,Hyderabad,Groceries,Sugar (5 kg),4,162.8,16.84,Wallet,651.2,109.66,541.54
TXN18410,2024-10-28,CUST1041,Arjun Sharma,Male,32,Jaipur,Clothing,Jacket,9,4275.28,5.31,Credit Card,38477.52,2043.16,36434.36
TXN17018,2024-05-01,CUST1022,Rajesh Joshi,Male,62,Kolkata,Beauty,Perfume,5,1671.79,27.1,Credit Card,8358.95,2265.28,6093.67
TXN12949,2024-10-23,CUST1085,Aadhya Gupta,Female,48,Pune,Groceries,Sugar (5 kg),6,188.83,6.11,Cash,1132.98,69.23,1063.75
TXN11577,2024-05-16,CUST1124,Pihu Rao,Female,47,Jaipur,Sports,Football,4,1797.84,20.77,Credit Card,7191.36,1493.65,5697.71
TXN12715,2024-03-05,CUST1006,Sai Chaudhary,Male,45,Chennai,Toys,Puzzle Set,5,835.25,24.74,Cash,4176.25,1033.2,3143.05
TXN16393,2024-02-25,CUST1104,Meera Yadav,Female,21,Ahmedabad,Beauty,Perfume,10,2965.67,8.77,Credit Card,29656.7,2600.89,27055.81
TXN17316,2024-11-11,CUST1016,Pooja Verma,Female,58,Chennai,Clothing,Jeans,7,1049.07,10.41,Net Banking,7343.49,764.46,6579.03
TXN18300,2024-09-21,CUST1173,Geeta Patel,Female,33,Chennai,Books,Textbook,4,994.65,20.97,Net Banking,3978.6,834.31,3144.29
TXN15819,2024-12-06,CUST1185,Rahul Singh,Male,28,Mumbai,Beauty,Lipstick,3,523.56,1.16,UPI,1570.68,18.22,1552.46
TXN14210,2024-07-23,CUST1087,Rohit Agarwal,Male,49,Chennai,Beauty,Shampoo,10,251.46,19.95,Net Banking,2514.6,501.66,2012.94
TXN12003,2024-09-03,CUST1183,Reyansh Pandey,Male,56,Ahmedabad,Groceries,Pulses (1 kg),5,170.58,25.05,Cash,852.9,213.65,639.25
TXN11505,2024-12-09,CUST1063,Aarav Yadav,Male,29,Jaipur,Books,Children Book,10,265.67,23.12,UPI,2656.7,614.23,2042.47
TXN11483,2024-02-01,CUST1078,Ishaan Sharma,Male,27,Surat,Groceries,Flour (10 kg),2,450.22,9.34,Cash,900.44,84.1,816.34
TXN17195,2024-08-08,CUST1057,Rohit Reddy,Male,39,Jaipur,Groceries,Sugar (5 kg),10,227.87,10.15,Debit Card,2278.7,231.29,2047.41
TXN10141,2024-11-13,CUST1165,Lakshmi Reddy,Female,56,Pune,Groceries,Sugar (5 kg),4,187.46,9.55,UPI,749.84,71.61,678.23
TXN14670,2024-09-15,CUST1175,Reyansh Patel,Male,53,Pune,Electronics,Earphones,6,4180.46,3.01,Wallet,25082.76,754.99,24327.77
TXN11645,2024-01-05,CUST1184,Reyansh Rao,Male,38,Bangalore,Beauty,Shampoo,2,404.18,18.58,Credit Card,808.36,150.19,658.17
TXN19938,2024-08-07,CUST1136,Deepak Bose,Male,54,Chennai,Sports,Dumbbells,10,1253.83,9.61,Net Banking,12538.3,1204.93,11333.37
TXN13305,2024-11-08,CUST1129,Vihaan Gupta,Male,26,Jaipur,Toys,Remote Car,8,1441.93,10.55,Wallet,11535.44,1216.99,10318.45
TXN17846,2024-11-09,CUST1014,Riya Chaudhary,Female,54,Ahmedabad,Electronics,Smartphone,1,43305.02,22.51,Cash,43305.02,9747.96,33557.06
TXN16051,2024-01-06,CUST1153,Arjun Bose,Male,58,Mumbai,Sports,Yoga Mat,7,789.15,2.98,Wallet,5524.05,164.62,5359.43
TXN19301,2024-03-23,CUST1161,Suresh Reddy,Male,59,Kolkata,Toys,Doll,3,1001.05,10.97,Debit Card,3003.15,329.45,2673.7
TXN12249,2024-06-14,CUST1108,Anjali Mishra,Female,31,Hyderabad,Sports,Cricket Bat,1,2631.14,15.45,Net Banking,2631.14,406.51,2224.63
TXN18261,2024-06-11,CUST1062,Arjun Mehta,Male,30,Bangalore,Books,Textbook,10,1091.66,9.88,Credit Card,10916.6,1078.56,9838.04
TXN18492,2024-01-27,CUST1044,Diya Mehta,Female,51,Surat,Beauty,Shampoo,6,602.89,25.98,Wallet,3617.34,939.78,2677.56
TXN13110,2024-03-15,CUST1124,Aarav Chaudhary,Male,49,Bangalore,Clothing,Jeans,3,1717.73,18.53,Net Banking,5153.19,954.89,4198.3
TXN18715,2024-07-04,CUST1018,Deepak Yadav,Male,61,Chennai,Sports,Football,3,1697.17,1.42,Cash,5091.51,72.3,5019.21
TXN19721,2024-10-21,CUST1122,Aarav Srivastava,Male,46,Hyderabad,Home & Kitchen,Pressure Cooker,7,1796.78,14.15,Debit Card,12577.46,1779.71,10797.75
TXN17711,2024-03-15,CUST1007,Meera Reddy,Female,25,Kolkata,Beauty,Face Cream,9,329.63,14.11,Wallet,2966.67,418.6,2548.07
TXN14407,2024-11-24,CUST1097,Rajesh Rao,Male,34,Mumbai,Clothing,Jacket,7,1842.81,11.05,UPI,12899.67,1425.41,11474.26
TXN11571,2024-12-12,CUST1042,Ayaan Nair,Male,57,Hyderabad,Groceries,Sugar (5 kg),4,241.71,16.66,Debit Card,966.84,161.08,805.76
TXN18053,2024-10-05,CUST1109,Sneha Pandey,Female,57,Kolkata,Books,Children Book,10,168.82,1.76,Debit Card,1688.2,29.71,1658.49
TXN12344,2024-03-31,CUST1093,Sai Joshi,Male,54,Bangalore,Sports,Football,3,991.39,22.43,UPI,2974.17,667.11,2307.06
TXN10672,2024-06-15,CUST1004,Pihu Singh,Female,51,Hyderabad,Electronics,Tablet,5,23316.86,7.49,Wallet,116584.3,8732.16,107852.14
TXN12848,2024-04-13,CUST1158,Saanvi Gupta,Female,29,Chennai,Electronics,Tablet,10,22335.1,10.66,Credit Card,223351.0,23809.22,199541.78
TXN18847,2024-12-09,CUST1055,Neha Kumar,Female,41,Jaipur,Home & Kitchen,Mixer Grinder,6,2106.11,15.11,Net Banking,12636.66,1909.4,10727.26
TXN11209,2024-05-16,CUST1124,Rohit Reddy,Male,51,Mumbai,Home & Kitchen,Bedsheet Set,5,1998.35,28.99,Credit Card,9991.75,2896.61,7095.14
TXN18413,2024-02-19,CUST1071,Vikram Sharma,Male,33,Jaipur,Electronics,Earphones,2,2812.56,1.02,Debit Card,5625.12,57.38,5567.74
TXN11304,2024-11-07,CUST1079,Deepak Kumar,Male,33,Ahmedabad,Home & Kitchen,Water Bottle,8,553.79,27.14,Wallet,4430.32,1202.39,3227.93
TXN13765,2024-08-03,CUST1052,Pooja Pandey,Female,51,Kolkata,Clothing,Women's Kurti,6,794.26,14.39,Cash,4765.56,685.76,4079.8
TXN14106,2024-12-03,CUST1134,Sneha Nair,Female,58,Pune,Books,Comic Book,8,336.24,16.79,Debit Card,2689.92,451.64,2238.28
TXN19331,2024-09-03,CUST1045,Saanvi Yadav,Female,35,Surat,Electronics,Earphones,6,3411.96,9.36,UPI,20471.76,1916.16,18555.6
TXN10914,2024-09-01,CUST1092,Neha Agarwal,Female,35,Hyderabad,Beauty,Perfume,1,2501.72,7.94,Debit Card,2501.72,198.64,2303.08
TXN12023,2024-01-18,CUST1054,Amit Shah,Male,48,Jaipur,Home & Kitchen,Pressure Cooker,4,1973.34,2.45,Wallet,7893.36,193.39,7699.97
TXN10422,2024-10-09,CUST1101,Pihu Verma,Female,24,Bangalore,Electronics,Smartphone,2,39399.54,10.5,Net Banking,78799.08,8273.9,70525.18
TXN17348,2024-08-03,CUST1024,Saanvi Singh,Female,53,Mumbai,Groceries,Cooking Oil,8,405.43,29.92,Credit Card,3243.44,970.44,2273.0
TXN10797,2024-12-02,CUST1084,Meera Verma,Female,32,Hyderabad,Toys,Puzzle Set,10,608.44,6.42,Wallet,6084.4,390.62,5693.78
TXN13621,2024-09-01,CUST1195,Vikram Verma,Male,38,Chennai,Beauty,Face Cream,8,745.32,22.94,Debit Card,5962.56,1367.81,4594.75
TXN13227,2024-12-14,CUST1017,Pooja Pandey,Female,50,Delhi,Electronics,Laptop,9,52519.78,16.43,Credit Card,472678.02,77661.0,395017.02
TXN10937,2024-06-30,CUST1186,Ananya Patel,Female,36,Mumbai,Clothing,Men's T-Shirt,1,1178.59,13.71,Cash,1178.59,161.58,1017.01
TXN12076,2024-05-26,CUST1123,Vikram Mishra,Male,65,Jaipur,Toys,Action Figure,4,563.32,4.05,Credit Card,2253.28,91.26,2162.02
TXN18582,2024-07-06,CUST1005,Pooja Verma,Female,24,Chennai,Electronics,Smartwatch,5,18116.14,1.1,Cash,90580.7,996.39,89584.31
TXN17073,2024-07-10,CUST1142,Vikram Verma,Male,51,Surat,Clothing,Women's Kurti,6,1641.44,10.0,Debit Card,9848.64,984.86,8863.78
TXN13403,2024-03-02,CUST1136,Aditya Yadav,Male,44,Jaipur,Electronics,Smartwatch,1,7965.63,18.51,Wallet,7965.63,1474.44,6491.19
TXN15571,2024-11-05,CUST1029,Pooja Patel,Female,38,Jaipur,Electronics,Tablet,2,35259.2,13.93,Debit Card,70518.4,9823.21,60695.19
TXN10196,2024-08-05,CUST1029,Saanvi Nair,Female,27,Delhi,Books,Comic Book,7,302.33,23.27,Wallet,2116.31,492.47,1623.84
TXN11826,2024-04-24,CUST1034,Meera Tiwari,Female,59,Bangalore,Electronics,Smartwatch,9,13610.46,24.03,UPI,122494.14,29435.34,93058.8
TXN18763,2024-04-24,CUST1098,Amit Shah,Male,36,Pune,Groceries,Pulses (1 kg),8,87.22,19.47,Cash,697.76,135.85,561.91
TXN15325,2024-12-29,CUST1100,Deepak Shah,Male,56,Ahmedabad,Groceries,Rice (5 kg),7,366.11,24.66,UPI,2562.77,631.98,1930.79
TXN19940,2024-12-08,CUST1040,Amit Gupta,Male,36,Hyderabad,Electronics,Smartwatch,7,14845.36,7.63,Credit Card,103917.52,7928.91,95988.61
TXN16571,2024-06-02,CUST1019,Riya Nair,Female,41,Surat,Electronics,Smartwatch,8,5573.45,29.08,UPI,44587.6,12966.07,31621.53
TXN11119,2024-10-10,CUST1021,Vihaan Srivastava,Male,53,Jaipur,Electronics,Tablet,5,18047.18,6.85,UPI,90235.9,6181.16,84054.74
TXN17775,2024-09-07,CUST1044,Aadhya Agarwal,Female,38,Pune,Home & Kitchen,Mixer Grinder,7,3274.6,23.22,Debit Card,22922.2,5322.53,17599.67
TXN19439,2024-12-19,CUST1167,Aarav Nair,Male,24,Ahmedabad,Toys,Remote Car,4,2727.11,20.87,Net Banking,10908.44,2276.59,8631.85
TXN16854,2024-12-02,CUST1074,Rajesh Mishra,Male,39,Delhi,Electronics,Smartwatch,8,12577.43,23.25,Wallet,100619.44,23394.02,77225.42
TXN16591,2024-08-13,CUST1068,Kavya Mehta,Female,38,Hyderabad,Sports,Dumbbells,1,2183.31,11.86,Credit Card,2183.31,258.94,1924.37
TXN13649,2024-12-26,CUST1092,Aadhya Agarwal,Female,51,Hyderabad,Electronics,Tablet,3,22246.72,12.3,Credit Card,66740.16,8209.04,58531.12
TXN15151,2024-04-04,CUST1132,Aditya Verma,Male,61,Bangalore,Sports,Yoga Mat,5,1172.98,6.4,Wallet,5864.9,375.35,5489.55
TXN12401,2024-06-12,CUST1056,Aditya Joshi,Male,40,Kolkata,Sports,Yoga Mat,7,804.6,22.15,Wallet,5632.2,1247.53,4384.67
TXN16908,2024-10-21,CUST1074,Diya Verma,Female,50,Surat,Home & Kitchen,Pressure Cooker,8,1409.46,18.56,Wallet,11275.68,2092.77,9182.91
TXN14373,2024-09-24,CUST1023,Pooja Sharma,Female,43,Jaipur,Electronics,Laptop,2,85958.7,10.61,Wallet,171917.4,18240.44,153676.96
TXN13405,2024-10-30,CUST1168,Suresh Reddy,Male,52,Hyderabad,Clothing,Men's T-Shirt,10,943.29,12.12,UPI,9432.9,1143.27,8289.63
TXN18701,2024-04-14,CUST1046,Arjun Shah,Male,59,Kolkata,Groceries,Sugar (5 kg),5,153.56,0.0,Cash,767.8,0.0,767.8
TXN19870,2024-12-21,CUST1176,Neha Kumar,Female,19,Ahmedabad,Clothing,Jacket,2,1606.45,11.5,Net Banking,3212.9,369.48,2843.42
TXN15366,2024-08-21,CUST1041,Meera Patel,Female,58,Mumbai,Beauty,Shampoo,7,542.72,29.49,Cash,3799.04,1120.34,2678.7
TXN14954,2024-12-12,CUST1165,Aadhya Rao,Female,38,Ahmedabad,Groceries,Sugar (5 kg),6,191.83,16.36,Net Banking,1150.98,188.3,962.68
TXN10437,2024-08-24,CUST1129,Ayaan Verma,Male,33,Jaipur,Beauty,Shampoo,4,449.34,2.79,Debit Card,1797.36,50.15,1747.21
TXN17558,2024-03-07,CUST1188,Kiran Kumar,Female,25,Kolkata,Sports,Cricket Bat,10,2648.75,22.64,Net Banking,26487.5,5996.77,20490.73
TXN16824,2024-08-08,CUST1119,Deepak Tiwari,Male,42,Mumbai,Sports,Cricket Bat,5,2477.18,24.5,Cash,12385.9,3034.55,9351.35
TXN13677,2024-05-11,CUST1019,Anjali Mehta,Female,23,Mumbai,Electronics,Laptop,9,65290.72,0.74,Debit Card,587616.48,4348.36,583268.12
TXN19330,2024-02-28,CUST1196,Ishaan Chaudhary,Male,51,Pune,Groceries,Sugar (5 kg),3,195.73,10.29,Cash,587.19,60.42,526.77
TXN19983,2024-12-30,CUST1001,Nisha Shah,Female,42,Surat,Beauty,Sunscreen,5,731.39,11.21,UPI,3656.95,409.94,3247.01
TXN17689,2024-05-25,CUST1150,Riya Chaudhary,Female,65,Jaipur,Groceries,Cooking Oil,2,311.26,19.07,Net Banking,622.52,118.71,503.81
TXN10920,2024-10-04,CUST1028,Rahul Pandey,Male,42,Chennai,Books,Fiction Novel,1,347.74,7.75,UPI,347.74,26.95,320.79
TXN10118,2024-11-26,CUST1024,Riya Shah,Female,33,Delhi,Groceries,Cooking Oil,10,361.26,10.92,Cash,3612.6,394.5,3218.1
TXN17513,2024-05-11,CUST1096,Rohit Agarwal,Male,32,Chennai,Books,Children Book,8,254.89,5.01,Net Banking,2039.12,102.16,1936.96
TXN16230,2024-03-21,CUST1001,Saanvi Chaudhary,Female,31,Delhi,Home & Kitchen,Pressure Cooker,8,2077.77,29.58,Cash,16622.16,4916.83,11705.33
TXN18058,2024-02-12,CUST1090,Ayaan Kumar,Male,47,Bangalore,Clothing,Men's T-Shirt,9,843.3,14.17,Credit Card,7589.7,1075.46,6514.24
TXN11132,2024-01-25,CUST1182,Diya Rao,Female,27,Delhi,Books,Fiction Novel,2,468.75,0.89,Debit Card,937.5,8.34,929.16
TXN17935,2024-05-10,CUST1053,Arjun Chaudhary,Male,43,Pune,Groceries,Rice (5 kg),10,338.66,8.77,Cash,3386.6,297.0,3089.6
TXN18490,2024-10-21,CUST1179,Vivaan Singh,Male,20,Jaipur,Beauty,Shampoo,2,635.74,28.06,UPI,1271.48,356.78,914.7
TXN10419,2024-07-21,CUST1160,Ananya Gupta,Female,55,Hyderabad,Electronics,Laptop,1,49759.68,26.68,Credit Card,49759.68,13275.88,36483.8
TXN19191,2024-01-07,CUST1162,Geeta Sharma,Female,26,Jaipur,Books,Self-Help Book,3,433.55,1.44,Credit Card,1300.65,18.73,1281.92
TXN14810,2024-08-18,CUST1046,Diya Verma,Female,31,Chennai,Groceries,Pulses (1 kg),9,131.73,5.39,Cash,1185.57,63.9,1121.67
TXN15941,2024-07-30,CUST1174,Neha Agarwal,Female,33,Delhi,Toys,Board Game,10,1719.97,10.14,Debit Card,17199.7,1744.05,15455.65
TXN19863,2024-09-10,CUST1015,Diya Shah,Female,35,Surat,Clothing,Men's T-Shirt,2,780.89,3.58,Wallet,1561.78,55.91,1505.87
TXN14872,2024-10-26,CUST1111,Ananya Bose,Female,33,Ahmedabad,Groceries,Flour (10 kg),10,416.7,25.36,UPI,4167.0,1056.75,3110.25
TXN16340,2024-01-28,CUST1176,Rahul Kumar,Male,54,Ahmedabad,Toys,Puzzle Set,3,1203.78,24.71,UPI,3611.34,892.36,2718.98
TXN19445,2024-02-27,CUST1045,Ayaan Tiwari,Male,20,Hyderabad,Toys,Puzzle Set,7,530.6,29.66,Credit Card,3714.2,1101.63,2612.57
TXN14979,2024-06-27,CUST1128,Aadhya Verma,Female,34,Chennai,Electronics,Laptop,1,48644.6,16.16,Wallet,48644.6,7860.97,40783.63
TXN10952,2024-09-21,CUST1064,Vihaan Gupta,Male,22,Bangalore,Sports,Cricket Bat,5,3790.53,4.98,Debit Card,18952.65,943.84,18008.81
TXN17728,2024-03-19,CUST1084,Ishaan Gupta,Male,18,Pune,Clothing,Women's Kurti,2,691.46,14.79,Debit Card,1382.92,204.53,1178.39
TXN17359,2024-05-24,CUST1102,Vikram Singh,Male,35,Jaipur,Beauty,Shampoo,2,646.2,8.5,Debit Card,1292.4,109.85,1182.55
TXN14003,2024-01-07,CUST1156,Sai Patel,Male,60,Surat,Books,Fiction Novel,9,451.56,21.76,Net Banking,4064.04,884.34,3179.7
TXN18254,2024-01-26,CUST1185,Pooja Patel,Female,65,Ahmedabad,Electronics,Earphones,8,2494.68,8.49,UPI,19957.44,1694.39,18263.05
TXN19039,2024-07-22,CUST1055,Geeta Joshi,Female,45,Bangalore,Toys,Doll,9,929.96,28.01,Credit Card,8369.64,2344.34,6025.3
TXN16195,2024-03-04,CUST1114,Arjun Mishra,Male,49,Delhi,Groceries,Cooking Oil,10,431.78,26.09,Wallet,4317.8,1126.51,3191.29
TXN16151,2024-11-26,CUST1109,Sai Verma,Male,28,Mumbai,Books,Self-Help Book,7,313.22,6.99,Cash,2192.54,153.26,2039.28
TXN12451,2024-01-22,CUST1090,Aadhya Verma,Female,22,Kolkata,Clothing,Jacket,2,3881.52,12.85,Credit Card,7763.04,997.55,6765.49
TXN15967,2024-08-19,CUST1028,Arjun Gupta,Male,50,Mumbai,Groceries,Sugar (5 kg),8,243.82,20.07,Net Banking,1950.56,391.48,1559.08
TXN17197,2024-06-21,CUST1178,Vikram Bose,Male,31,Mumbai,Electronics,Tablet,7,25748.95,6.4,Wallet,180242.65,11535.53,168707.12
TXN10123,2024-10-29,CUST1069,Aadhya Rao,Female,43,Jaipur,Toys,Puzzle Set,10,1265.05,2.51,UPI,12650.5,317.53,12332.97
TXN12092,2024-06-15,CUST1044,Reyansh Chaudhary,Male,25,Hyderabad,Groceries,Sugar (5 kg),7,273.3,29.5,Debit Card,1913.1,564.36,1348.74
TXN18289,2024-05-23,CUST1078,Aarav Nair,Male,46,Mumbai,Home & Kitchen,Water Bottle,7,395.43,17.45,UPI,2768.01,483.02,2284.99
TXN10481,2024-03-09,CUST1157,Lakshmi Reddy,Female,37,Ahmedabad,Sports,Badminton Set,9,1694.97,5.97,Wallet,15254.73,910.71,14344.02
TXN12506,2024-04-06,CUST1160,Pihu Chaudhary,Female,59,Delhi,Electronics,Smartphone,6,42705.55,16.08,UPI,256233.3,41202.31,215030.99
TXN16609,2024-03-10,CUST1009,Sneha Shah,Female,51,Jaipur,Groceries,Pulses (1 kg),7,133.8,22.04,Net Banking,936.6,206.43,730.17
TXN11595,2024-07-15,CUST1047,Sneha Yadav,Female,31,Jaipur,Home & Kitchen,Mixer Grinder,3,3568.06,19.91,Wallet,10704.18,2131.2,8572.98
TXN16140,2024-09-08,CUST1096,Aarav Gupta,Male,59,Chennai,Home & Kitchen,Mixer Grinder,8,2992.87,7.23,Debit Card,23942.96,1731.08,22211.88
TXN12272,2024-02-02,CUST1078,Priya Patel,Female,19,Hyderabad,Electronics,Laptop,9,65087.87,17.55,Wallet,585790.83,102806.29,482984.54
TXN11316,2024-08-17,CUST1139,Vikram Pandey,Male,24,Surat,Sports,Cricket Bat,4,1499.67,27.93,UPI,5998.68,1675.43,4323.25
TXN17276,2024-09-03,CUST1076,Sai Shah,Male,23,Chennai,Groceries,Rice (5 kg),5,458.14,1.28,Credit Card,2290.7,29.32,2261.38
TXN18035,2024-10-15,CUST1041,Riya Mishra,Female,58,Hyderabad,Groceries,Cooking Oil,7,319.53,10.81,Wallet,2236.71,241.79,1994.92
TXN13689,2024-06-20,CUST1063,Aadhya Verma,Female,42,Chennai,Books,Self-Help Book,1,640.32,0.15,UPI,640.32,0.96,639.36
TXN14040,2024-04-16,CUST1054,Kavya Kumar,Female,26,Jaipur,Beauty,Shampoo,8,523.58,19.27,Net Banking,4188.64,807.15,3381.49
TXN15884,2024-04-04,CUST1095,Ayaan Chaudhary,Male,51,Surat,Sports,Dumbbells,1,2051.39,3.47,UPI,2051.39,71.18,1980.21
TXN10828,2024-04-25,CUST1138,Ayaan Singh,Male,20,Chennai,Groceries,Flour (10 kg),2,519.04,24.27,UPI,1038.08,251.94,786.14
TXN12466,2024-04-16,CUST1109,Aditya Yadav,Male,20,Hyderabad,Groceries,Cooking Oil,9,399.88,27.8,UPI,3598.92,1000.5,2598.42
TXN14347,2024-03-05,CUST1010,Meera Gupta,Female,22,Chennai,Books,Comic Book,2,209.73,27.43,Cash,419.46,115.06,304.4
TXN13519,2024-08-02,CUST1057,Rohit Gupta,Male,34,Pune,Groceries,Flour (10 kg),5,453.94,15.38,UPI,2269.7,349.08,1920.62
TXN15562,2024-07-05,CUST1136,Aarav Pandey,Male,40,Hyderabad,Beauty,Sunscreen,4,599.01,27.31,Wallet,2396.04,654.36,1741.68
TXN16713,2024-07-31,CUST1100,Kavya Nair,Female,54,Bangalore,Toys,Puzzle Set,2,1371.26,16.71,Cash,2742.52,458.28,2284.24
TXN14384,2024-06-19,CUST1060,Suresh Mishra,Male,33,Delhi,Books,Textbook,7,1025.03,24.4,Debit Card,7175.21,1750.75,5424.46
TXN11246,2024-12-18,CUST1084,Anjali Reddy,Female,61,Ahmedabad,Groceries,Sugar (5 kg),2,241.53,29.37,Credit Card,483.06,141.87,341.19
TXN19715,2024-08-28,CUST1060,Aarav Shah,Male,26,Kolkata,Clothing,Men's T-Shirt,2,921.51,3.37,Net Banking,1843.02,62.11,1780.91
TXN13418,2024-03-22,CUST1156,Rajesh Agarwal,Male,56,Pune,Electronics,Earphones,8,1842.87,23.28,Debit Card,14742.96,3432.16,11310.8
TXN17788,2024-12-19,CUST1154,Amit Patel,Male,36,Ahmedabad,Beauty,Lipstick,9,513.24,16.59,Credit Card,4619.16,766.32,3852.84
TXN14021,2024-08-08,CUST1063,Rajesh Kumar,Male,28,Kolkata,Groceries,Sugar (5 kg),1,184.8,22.87,Debit Card,184.8,42.26,142.54
TXN19636,2024-11-26,CUST1075,Geeta Mehta,Female,34,Bangalore,Groceries,Cooking Oil,8,433.34,8.94,Credit Card,3466.72,309.92,3156.8
TXN14193,2024-04-07,CUST1064,Ishaan Bose,Male,51,Hyderabad,Beauty,Face Cream,3,758.03,25.19,Cash,2274.09,572.84,1701.25
TXN10431,2024-11-17,CUST1038,Saanvi Pandey,Female,65,Surat,Toys,Puzzle Set,5,1181.73,23.88,UPI,5908.65,1410.99,4497.66
TXN10687,2024-01-14,CUST1059,Kavya Yadav,Female,28,Pune,Clothing,Jacket,3,2401.71,3.87,Credit Card,7205.13,278.84,6926.29
TXN15710,2024-07-29,CUST1065,Anjali Verma,Female,65,Mumbai,Toys,Puzzle Set,1,894.04,28.16,Wallet,894.04,251.76,642.28
TXN19432,2024-12-11,CUST1070,Suresh Agarwal,Male,33,Ahmedabad,Sports,Dumbbells,2,2904.45,24.19,Net Banking,5808.9,1405.17,4403.73
TXN19106,2024-09-22,CUST1037,Deepak Bose,Male,48,Delhi,Beauty,Perfume,7,1408.22,23.29,UPI,9857.54,2295.82,7561.72
TXN11653,2024-09-21,CUST1155,Ishaan Kumar,Male,34,Hyderabad,Sports,Football,4,558.06,5.01,UPI,2232.24,111.84,2120.4
TXN19385,2024-12-05,CUST1072,Deepak Patel,Male,45,Jaipur,Groceries,Cooking Oil,9,328.22,16.54,Credit Card,2953.98,488.59,2465.39
TXN13141,2024-10-27,CUST1159,Ishaan Chaudhary,Male,55,Mumbai,Sports,Dumbbells,10,1168.18,2.76,Wallet,11681.8,322.42,11359.38
TXN19104,2024-08-15,CUST1071,Ayaan Agarwal,Male,35,Ahmedabad,Sports,Dumbbells,8,1215.61,14.79,UPI,9724.88,1438.31,8286.57
TXN18099,2024-10-15,CUST1176,Pooja Bose,Female,61,Mumbai,Electronics,Tablet,7,22094.05,22.05,Cash,154658.35,34102.17,120556.18
TXN10446,2024-04-08,CUST1032,Priya Rao,Female,33,Jaipur,Groceries,Pulses (1 kg),6,103.9,24.05,Wallet,623.4,149.93,473.47
TXN19455,2024-02-27,CUST1159,Diya Sharma,Female,23,Mumbai,Groceries,Pulses (1 kg),2,135.65,4.39,Credit Card,271.3,11.91,259.39
TXN19500,2024-04-02,CUST1017,Aadhya Tiwari,Female,58,Ahmedabad,Groceries,Rice (5 kg),6,427.98,11.4,UPI,2567.88,292.74,2275.14
TXN14174,2024-11-15,CUST1133,Vikram Joshi,Male,53,Pune,Toys,Remote Car,3,1839.77,11.78,Cash,5519.31,650.17,4869.14
TXN18710,2024-02-28,CUST1140,Arjun Sharma,Male,31,Delhi,Groceries,Rice (5 kg),8,354.51,25.37,Wallet,2836.08,719.51,2116.57
TXN14520,2024-05-27,CUST1016,Aadhya Patel,Female,60,Ahmedabad,Sports,Football,4,619.93,4.54,Net Banking,2479.72,112.58,2367.14
TXN15824,2024-10-22,CUST1098,Krishna Agarwal,Male,35,Ahmedabad,Electronics,Earphones,1,4954.65,24.11,Cash,4954.65,1194.57,3760.08
TXN10245,2024-06-08,CUST1042,Suresh Bose,Male,54,Surat,Home & Kitchen,Mixer Grinder,6,2241.74,20.62,Credit Card,13450.44,2773.48,10676.96
TXN17411,2024-07-31,CUST1131,Deepak Joshi,Male,28,Delhi,Clothing,Jeans,7,1159.3,17.09,Wallet,8115.1,1386.87,6728.23
TXN13457,2024-01-18,CUST1027,Kiran Sharma,Female,50,Bangalore,Sports,Yoga Mat,6,779.78,13.2,UPI,4678.68,617.59,4061.09
TXN17128,2024-04-28,CUST1033,Ayaan Bose,Male,56,Jaipur,Books,Children Book,1,398.27,22.93,Net Banking,398.27,91.32,306.95
TXN17570,2024-10-10,CUST1135,Rajesh Shah,Male,61,Bangalore,Electronics,Earphones,9,3895.0,18.64,Cash,35055.0,6534.25,28520.75
TXN13663,2024-08-11,CUST1085,Aditya Singh,Male,45,Hyderabad,Books,Comic Book,10,328.34,0.24,Net Banking,3283.4,7.88,3275.52
TXN15394,2024-06-01,CUST1153,Arjun Verma,Male,56,Surat,Groceries,Pulses (1 kg),6,107.37,14.63,Credit Card,644.22,94.25,549.97
TXN17299,2024-07-27,CUST1041,Rahul Joshi,Male,48,Jaipur,Groceries,Rice (5 kg),4,359.5,19.96,Wallet,1438.0,287.02,1150.98
TXN19502,2024-05-30,CUST1059,Geeta Chaudhary,Female,38,Surat,Beauty,Perfume,5,2976.02,13.79,Net Banking,14880.1,2051.97,12828.13
TXN14450,2024-11-17,CUST1132,Rohit Srivastava,Male,24,Pune,Electronics,Smartphone,3,29925.74,8.5,Net Banking,89777.22,7631.06,82146.16
TXN16034,2024-04-13,CUST1034,Vihaan Rao,Male,47,Kolkata,Electronics,Laptop,7,70236.49,0.75,Wallet,491655.43,3687.42,487968.01
TXN13785,2024-11-03,CUST1106,Vivaan Chaudhary,Male,38,Delhi,Sports,Dumbbells,2,1187.23,14.53,Cash,2374.46,345.01,2029.45
TXN18427,2024-04-22,CUST1006,Kavya Sharma,Female,37,Pune,Electronics,Smartphone,8,26727.09,7.7,Credit Card,213816.72,16463.89,197352.83
TXN12922,2024-05-21,CUST1174,Pooja Reddy,Female,51,Pune,Toys,Action Figure,2,1042.47,27.92,Cash,2084.94,582.12,1502.82
TXN17699,2024-01-03,CUST1028,Ishaan Reddy,Male,29,Ahmedabad,Books,Self-Help Book,6,373.96,29.83,Cash,2243.76,669.31,1574.45
TXN11619,2024-02-09,CUST1085,Anjali Chaudhary,Female,63,Jaipur,Sports,Cricket Bat,3,3545.82,8.1,Debit Card,10637.46,861.63,9775.83
TXN15932,2024-06-27,CUST1162,Ananya Bose,Female,18,Hyderabad,Home & Kitchen,Mixer Grinder,5,3694.74,18.55,Net Banking,18473.7,3426.87,15046.83
TXN19694,2024-02-01,CUST1102,Vivaan Joshi,Male,37,Hyderabad,Groceries,Flour (10 kg),3,368.5,17.91,UPI,1105.5,198.0,907.5
TXN16568,2024-11-14,CUST1022,Nisha Agarwal,Female,33,Bangalore,Books,Children Book,10,196.25,8.27,Cash,1962.5,162.3,1800.2
TXN17425,2024-04-03,CUST1105,Amit Reddy,Male,65,Mumbai,Toys,Doll,4,637.47,28.73,Wallet,2549.88,732.58,1817.3
TXN14636,2024-06-10,CUST1157,Lakshmi Yadav,Female,44,Hyderabad,Sports,Cricket Bat,4,2735.73,12.89,Cash,10942.92,1410.54,9532.38
TXN16680,2024-07-23,CUST1072,Sai Yadav,Male,22,Jaipur,Beauty,Face Cream,10,258.7,25.82,Debit Card,2587.0,667.96,1919.04
TXN15747,2024-02-04,CUST1105,Aarav Pandey,Male,46,Mumbai,Toys,Doll,5,1161.48,25.23,UPI,5807.4,1465.21,4342.19
TXN10507,2024-08-18,CUST1171,Vivaan Patel,Male,48,Bangalore,Groceries,Flour (10 kg),8,583.2,16.01,Net Banking,4665.6,746.96,3918.64
TXN17639,2024-03-28,CUST1029,Sai Srivastava,Male,50,Mumbai,Groceries,Flour (10 kg),9,376.87,4.4,Cash,3391.83,149.24,3242.59
TXN17511,2024-12-18,CUST1086,Anjali Agarwal,Female,20,Hyderabad,Clothing,Jeans,10,1747.24,1.01,Net Banking,17472.4,176.47,17295.93
TXN16619,2024-07-16,CUST1115,Anjali Srivastava,Female,42,Hyderabad,Electronics,Laptop,9,72727.0,17.35,Cash,654543.0,113563.21,540979.79
TXN18664,2024-04-10,CUST1159,Aditya Reddy,Male,65,Surat,Sports,Dumbbells,9,2173.05,22.24,Wallet,19557.45,4349.58,15207.87
TXN14933,2024-11-20,CUST1008,Kiran Patel,Female,54,Bangalore,Electronics,Smartphone,5,26623.72,23.68,Credit Card,133118.6,31522.48,101596.12
TXN13927,2024-08-07,CUST1136,Meera Yadav,Female,26,Delhi,Clothing,Saree,8,1549.08,9.11,Credit Card,12392.64,1128.97,11263.67
TXN15272,2024-07-26,CUST1015,Vikram Chaudhary,Male,33,Surat,Toys,Remote Car,5,1889.58,17.45,Net Banking,9447.9,1648.66,7799.24
TXN13728,2024-10-15,CUST1063,Diya Joshi,Female,56,Chennai,Books,Self-Help Book,3,280.44,1.52,Debit Card,841.32,12.79,828.53
